"CAMERA_ID","CAMERA_NAME","CAMERA_DESC","EASTING","NORTHING","GEO_LAT","GEO_LON","CONGESTION_ZONE"
105,"546600","A4 Cromwell Road by Earls Court Road",525351.39,178843.06,51.494572,-0.19570712,0
106,"546610","A4 Great West Road By Macbeth Street",522781,178369,51.490875,-0.23288359,0
107,"546611","A4 Great West Road By Syon Lane",516294.32,177371.29,51.483279,-0.32661174,0
108,"546620","Chalkers Corner",519772.577,175856.127,51.468934,-0.27705221,0
109,"546621","Twickenham Rd/St Johns Grove",518091.6,175371.56,51.464931,-0.30140617,0
110,"546622","Twickenham Rd/Heathcote Rd",517024.73,174602.92,51.458244,-0.31701344,0
111,"546640","Kensington Road By Exhibition Road",526780.75,179666.21,51.501651,-0.1748302,0
112,"546641","Kensington High Street By Kensington Church Street",525669.641,179666.961,51.501906,-0.19083114,0
113,"546660","Bayswater Rd/Lancaster Gate",526811.33,180794.66,51.511787,-0.17398397,0
114,"546710","A205 Kew Bridge Northside By Kew Road - Stile Hall Gardens",518982.587,178074.375,51.489039,-0.28767404,0
115,"546738","A312 Hampton Road West By Exeter Road",512653.31,172181,51.43736,-0.38068421,0
116,"546748","A30 Great South-West Road - A312 The Parkway",510878,176047,51.472462,-0.40500544,0
117,"546910","A4 Great West Road - A3063 Sutton Lane",513123,176712,51.477996,-0.37247936,0
118,"546914","A4 Bath Rd - A30 Great South West Rd (Henleys Roundabout)",511605,176344,51.474989,-0.39444754,0
119,"546948","A4 Colnbrook Bypass - A3044 Stanwell Moor Road",504774,177182,51.483829,-0.4925299,0
120,"547300","Shaftesbury Ave/High Holborn",530121.55,181304.74,51.515619,-0.12611561,1
121,"547301","St Giles Circus",529834.9,181378.7,51.516349,-0.13021757,1
122,"547302","A40(M) Eastern End By John Aird Court",526438.99,181749.59,51.520453,-0.17900462,0
123,"547303","A40(M) Paddington Slip Brinklow House Torquay Street By Bourne  Terrace",525518,181716,51.520357,-0.19228534,0
124,"547304","A40 By M41 Northern Roundabout-Whitstable House",523821.8,181114,51.51532,-0.21693439,0
125,"547311","A40 Hanger Lane By A4005 Ealing Road",518338,182756,51.531255,-0.29538318,0
126,"547315","Ealing Road - Bridgewater Road",517967,183674,51.539584,-0.30042213,0
127,"547316","Wembley High Road - Ealing Road",518032,185044,51.551885,-0.29902557,0
128,"547317","Hanger Lane - A406 North Circular Rd  - A40 Western Ave",518371,182634,51.530152,-0.29494862,0
129,"547356","Euston Rd/Grays Inn Rd",530328,182988,51.5307,-0.12251894,1
130,"547359","Euston Rd/Eversholt St",529767,182593,51.527279,-0.1307484,1
131,"547361","Euston Rd/Tottenham Court Rd",529242.5,182306.9,51.524828,-0.13841079,1
132,"547364","Marylebone Rd/Gt Portland St",528834.21,182201.26,51.523971,-0.1443321,1
133,"547369","Baker St/Marylebone Rd",527918.3,181951.18,51.521932,-0.15761924,1
134,"547380","Prince Albert Road - Parkway",528627,183556,51.536195,-0.14682266,1
135,"547400","Mortimer St/Gt Portland St",529047.85,181487.551,51.517508,-0.14151545,1
136,"547450","Piccadilly Circus",529533.237,180609.691,51.509507,-0.13484573,1
137,"547451","Regent St/Conduit St",529102.763,180997.755,51.513093,-0.14090381,1
138,"547452","Oxford Circus",529026.9,181240.93,51.515296,-0.14190754,1
139,"547460","Albany Street By Robert Street",528817,182626,51.527793,-0.14442471,1
140,"547500","Northumberland Ave/Victoria Emb",530386.62,180294.86,51.506481,-0.12267082,1
141,"547550","Charing Cross Rd/Cranbourne St",529982.16,180814.03,51.51124,-0.1283045,1
142,"547551","Cambridge Circus",529921.01,181019.88,51.513105,-0.12910941,1
143,"547560","Kentish Town Road By Hawley Road",528959.75,184296.91,51.542778,-0.14175569,0
144,"547600","Kingsway/High Holborn",530514,181528,0,0,0
145,"547925","A5 Kilburn High Road - A4003 Willesden Lane",525084,184078,51.541683,-0.19769891,0
146,"547927","Cricklewood Broadway - Chichele Rd - Cricklewood Lane",523803,185717,51.556697,-0.21558626,0
147,"547929","A41 Hendon Way - A407 Cricklewood Lane",524631,186247,51.561278,-0.20345972,0
148,"548003","A4088 Forty Avenue - Bridge Road",519501,186591.31,51.565483,-0.27731997,0
149,"548005","Drury Way - Great Central Way",521012,185418,51.554615,-0.2559325,0
150,"548006","Neasden Lane North By A406 North Circular Road",521145,186085,51.560582,-0.25378502,0
151,"548007","Forty Lane - Blackbird Hill - Salmon Street",520338,186637,51.565716,-0.26523319,0
152,"548100","A118 Romford Road - A406 North Circular Road",543247.48,186184.52,51.556295,0.06493223,0
153,"548302","A12 By A1400 Gants Hill Roundabout",543311.99,188406.96,51.576251,0.06676861,0
154,"548303","A12 Eastern Avenue By A1112 Whalebone Lane",548447.91,189096.83,51.581121,0.14113025,0
155,"548750","Hyde Park Corner/Park Lane",528430.63,179887.62,51.503269,-0.15098989,1
156,"548850","Marble Arch By Bayswater Road-Edgware Road",527764.23,180977.11,51.513212,-0.16019216,1
157,"548854","Edgware Rd/Harrow Rd",526985,181746,51.520299,-0.17113959,0
158,"548925","Park Road - Gloucester Place",527641,182362,51.525687,-0.16146552,0
159,"548926","Wellington Road - St Johns Wood Road",527113,182824,51.529959,-0.16890647,0
160,"548950","Portman Square/Orchard St",528144.97,181228.9,51.515389,-0.15461624,1
161,"548955","Swiss Cottage-Finchley Rd",526649.08,184368.41,51.543944,-0.17503581,0
162,"548956","Finchley Rd/Frognal Ct",526225,184850,51.548367,-0.18097587,0
163,"548958","Finchley Road By  West End Lane",525652,185335,51.552854,-0.18906288,0
164,"548960","Finchley Road/Hendon Way",525093,186031,51.559234,-0.19687454,0
165,"549050","A406 North Circular Road - Falloden Way",525036,189402,51.589545,-0.19649634,0
166,"549051","A406 North Circular Road By A1 Great North Way",524339,189272,51.588531,-0.20659944,0
167,"549053","A406 North Circular Road - A502 Golders Green Road",523984,188400,51.580772,-0.21202965,0
168,"549055","Woolwich Ferry South Terminal",543222,179186,51.493409,0.061719252,0
169,"549057","30 A406 Ncr Pinkham Way - Colney Hatch Lane",528136,191327,51.60615,-0.15106423,0
170,"549060","A406 Telford Rd - A109 Bounds Green Rd",529241,191938,51.611389,-0.13488966,0
171,"549078","A406 Sterling Way Slip - Victoria St",533852,192403,51.61449,-0.06815256,0
172,"549080","A406 Sterling Way Slip - A1010 Fore St",534126,192442,51.614776,-0.064182227,0
173,"549096","A117 Pier Road - Entrance To The Woolwich Ferry",543342,179793,51.498833,0.063693426,0
174,"549551","Camden High St/Kentish Town Rd",528908.22,183879.38,51.539037,-0.14265138,0
175,"549610","Seven Sisters Rd/Manor House",532041.91,187465.23,51.57054,-0.096141318,0
176,"549702","Angel Islington",531441.006,183143.028,51.531835,-0.10642304,1
177,"549711","Seven Sisters Rd/Holloway Rd",530454.02,186010.51,51.557836,-0.11958232,0
178,"549730","A1 Barnet Way/ Edgware Way /Edgware Road/ Marsh Lane",520912.2,192885.76,51.621758,-0.25479849,0
179,"549731","A1 Barnet Way - A411 Barnet Lane - Barnet Road",520880.45,195274.6,51.643236,-0.25443199,0
180,"549732","A1 Archway Road - Bakers Lane",527831.83,188598.14,51.581693,-0.15644892,0
181,"549742","A1 Watford Way - A41 / A1 Great North Way",522329,190704,51.601842,-0.23510215,0
182,"549744","A1 Watford Way - A5100 The Broadway",521595,192359,51.616876,-0.245122,0
3,"115828","Shepherds Bush Rd/Westwick Gdns",523505.607,179562.58,51.501445,-0.22203286,0
4,"116570","Hammersmith Bridge Rd",523168.01,178465.79,51.491661,-0.22727762,0
5,"116602","North End Rd/Talgarth Rd",524580.88,178391.86,51.490687,-0.206961,0
6,"116603","Talgarth Rd/Butterwick",523527.44,178434.59,51.491302,-0.22211338,0
7,"116604","Hogarth Roundabout",521449.286,177905.835,51.487,-0.25221724,0
8,"116643","Hammersmith BWay/Shepherds Bush Rd",523400.63,178616.34,51.492963,-0.22387565,0
9,"116680","Uxbridge Rd/Askew Rd",521936.13,180102.27,51.506637,-0.24444901,0
10,"117250","A3220 Holland Park Roundabout/Bush Green",523754.27,179859.95,51.504064,-0.21834744,0
11,"117251","A3220/West Cross Route",523623,180681,51.511472,-0.21995011,0
12,"117305","A40 Wood Lane",523163.38,181056.04,51.514943,-0.22643966,0
13,"440323","A102 Blackwall Tunnel North/Balfron Tower",538266.45,181350.42,51.514094,-0.0087767258,0
14,"440324","A13 East India Dock Rd/Brunswick Rd",538364,181047,51.511343,-0.0074907672,0
15,"440329","A13 East India Dock Road By Cotton St",538116,181027,51.511224,-0.01107047,0
16,"440330","A13 Commercial Rd By Burdett Rd",536911.51,181058.87,51.511804,-0.028406095,0
17,"440332","A2 East Rochester Way By Black Prince",549724.94,174308.03,51.447889,0.15326675,0
18,"440333","A2 East Rochester Way By Bexley Heath",548488,174293,51.44808,0.13547156,0
19,"440334","A2 East Rochester Way By Danson Park",547392.69,174374.81,51.449101,0.11975336,0
20,"440335","A2 East Rochester Way By Falconwood",545211,175023,51.45549,0.08864206,0
21,"440336","A2 Riedfield Road",544308,175338,51.458552,0.075781574,0
22,"440337","A2 Westmount Road",543254.01,175061.21,51.456332,0.060507362,0
23,"440342","A2 Westthorne Avenue",541983.19,175084.24,51.456859,0.042236026,0
24,"440343","A2 Kidbrooke Junction",541129.71,175765.56,51.463196,0.030230549,0
25,"440344","A102 Shooters Hill",540719.94,177018.17,51.474555,0.024833917,0
26,"440345","A102 Woolwich Rd (S)",540475,177588,51.479737,0.021535661,0
27,"440347","A102 Woolwich Rd (N)",539936.6,178556.57,51.488575,0.014170633,0
28,"440348","A102 Blackwall Lane",539269.93,179254.01,51.495007,0.0048489116,0
29,"440349","A102 Tunnel House S",539074.28,179404.48,51.496408,0.0020913665,0
30,"440361","Limehouse Tunnel By West Approach",535985.47,180892.8,51.510535,-0.041807991,0
31,"440378","Limehouse Tunnel By Westferry Rd",536985,180620.9,51.50785,-0.027517801,0
32,"440390","Limehouse Tunnel By Aspen Way",537421,180669,51.508176,-0.021219916,0
33,"440403","Limehouse Link By Limehouse Tunnel- Westferry Rd",536976.64,180599.33,51.507658,-0.02764658,0
34,"440420","Limehouse Link By Limehouse Tunnel- West Portal",536037.07,180888.36,51.510483,-0.041066525,0
35,"440421","A13 Commercial Road by Branch Road",536187,181117,51.512502,-0.038818799,0
36,"440434","Rotherhithe Tunnel - Jamaica Road",535028,179587,51.499029,-0.056098246,0
37,"440450","A102 Tunnel House N",539053.59,179546.46,51.497689,0.0018494352,0
38,"440617","Leamouth Road By East India Dock",538843,181202,51.512619,-0.00053086272,0
39,"440811","A12 Bromley-by-Bow",538045,182773,51.526933,-0.011409004,0
40,"440813","A12 Bow Flyover",538037.26,182573.35,51.525141,-0.011598766,0
41,"440814","A13 Burdett Rd",537855,183070,51.529649,-0.014030193,0
42,"440815","A12 Wansbeck Road",536924,184393,51.541765,-0.026929971,0
43,"440816","A12 Wick Road",536551,184709,51.544696,-0.032183187,0
44,"541252","Curtain Road By Old Street",533252,182647,51.526952,-0.080514686,1
45,"541400","Shoreditch High St/Commercial St",533465.99,182187.3,51.52277,-0.077605665,1
46,"541411","Kingsland Rd/Balls Pond Rd",533532.24,184799.25,51.546229,-0.075660453,0
47,"541436","A406 Bowes Road - Brownlow Road",530188.6,192106.4,51.612684,-0.12114822,0
48,"541437","Gt Cambridge Roundabout - A10 Gt Cambridge Rd - A406 Ncr",532568,192637,51.616897,-0.086599768,0
49,"541445","A10 Great Cambridge Road - A110 Southbury Road",534286,196318,51.649572,-0.060385599,0
50,"541685","Hackney Road - Cambridge Heath Road",534865.53,183315.42,51.532576,-0.057010853,0
51,"542002","A3 Lower Thames St/London Bridge",532875,180686,51.509417,-0.086686085,1
52,"542100","Whitechapel High St/Mansell St",533733.905,181258.502,51.514359,-0.074098372,1
53,"542150","Stratford BWay By Stratford High St - Gt Eastern Way",538761.39,184166.21,51.539278,-0.000538474,0
54,"542425","A12 Eastern Avenue - A125 North Street",550650,189757,51.586469,0.17317455,0
55,"542500","Victoria Embankment/Temple Place",530898,180774,51.510669,-0.115128,1
56,"543500","Tower Bridge Approach By East Smithfield",533873.08,180623.26,51.508617,-0.072334924,1
1,"115826","Fulham Palace Rd/Lysia St",523834.223,177382.884,51.481782,-0.21806523,0
2,"115827","Fulham Palace Rd/Coroners Court",523450.326,178289.198,51.490012,-0.22327453,0
57,"543590","Kings Cross Road - Wharton Street",530825,182653,51.527574,-0.11548177,1
58,"543591","Kings Cross Road By Swinton Street",530803,182850,51.529349,-0.11572559,1
59,"543601","Blackfriars Rd/Stamford St",531649.685,180402.662,51.507157,-0.10443992,1
60,"543603","Elephant &amp; Castle/New Kent Rd",531997,179027,51.494712,-0.099952657,1
61,"543604","Elephant &amp;  Castle/Walworth Rd",531994,178991,51.494389,-0.10000932,1
62,"543653","Old Kent Rd/Albany Rd",533631.15,178328.229,51.488048,-0.076688669,0
63,"543665","Deptford Broadway/Deptford Ch St",537314.55,176931.23,51.47461,-0.024207317,0
64,"543721","A20 Sidcup Road By Court Road",542584,173113,51.438993,0.050084264,0
65,"543752","Catford One Way/Rushey Green",537688.378,173631.68,51.444866,-0.02011245,0
66,"543764","A20 Sidcup Road - Green Lane - Coyler Close",543500,172697,51.435023,0.063087074,0
67,"543766","A20 Sidcup Bypass - A222 Perry Street",545996,170899,51.418228,0.098232946,0
68,"543902","A205 Thurlow Park Road - A2199 Croxted Road",532657,173077,51.441082,-0.092683428,0
69,"544256","Vauxhall Cross",530371,178049,51.4863,-0.12372568,1
70,"544327","Millbank/Vauxhall Bridge",529946,178302,51.488671,-0.12975076,1
71,"544503","Camberwell New Rd/Brixton Rd",531290,177498.9,51.481143,-0.11070062,0
72,"544506","Acre Lane/Coldharbour Lane",531004.31,175285.19,51.461313,-0.11563367,0
73,"544514","Streatham High Rd/Mitcham Lane",530027.86,171686.18,51.429191,-0.13100529,0
74,"544525","A23 Brighton Road - Chipstead Valley Road",529853,159662,51.321159,-0.13791425,0
75,"544570","A23 Purley Cross - A23 Foxley Lane",531229,161763,51.339726,-0.11740287,0
76,"544600","King William Street by Arthur Street",532839.89,180737.49,51.509888,-0.087172363,1
77,"544601","Borough High St/Southwark St",532653.82,180156.3,51.504708,-0.090070974,1
78,"544622","Clapham Common Northside",527918.75,175181.98,51.461091,-0.16006644,0
79,"544628","Sudbury House (Wandsworth)",525630,174627,51.456616,-0.19319494,0
80,"544638","A3 Kingston Road - Roehampton Lane",522808.17,173203.88,51.444444,-0.23428737,0
81,"544639","A3 Kingston Bypass - Burlington Road",522283.13,168191.13,51.399501,-0.24356934,0
82,"544642","Tibbets Corner - Wimbeldon Parkside",523669.13,173676.49,51.448504,-0.22173865,0
83,"544645","A3 West Hill By Sutherland Grove",524390,174277,51.453744,-0.21115805,0
84,"544646","Kingston By-Pass/A3 Roehampton Vale/Robin Hood RBout",521309,172228,51.435995,-0.25618533,0
85,"544651","Clapham Common Southside",528909.08,174424.95,51.454062,-0.14609352,0
86,"544670","A3 Beverley Way - A238 Coombe Lane Flyover",521723,170002,51.415898,-0.25099652,0
87,"544690","A3 Hook Rise - A243 Hook Road",518169,165385,51.375149,-0.30362267,0
88,"545750","Wandsworth Br/York Rd",526109.93,175332.15,51.462847,-0.1860387,0
89,"546501","Parliament Square",530151.71,179680.44,51.501013,-0.12628078,1
90,"546502","Trafalgar Square",530038,180383,51.507354,-0.12765919,1
91,"546510","Baylis Rd/Westminster Bridge Rd",531120.48,179444.29,51.498667,-0.11241796,1
92,"546511","Victoria St/Wilton Rd",529024.73,179142.05,51.496433,-0.14270681,1
93,"546512","Horbart Place/Grosvenor Place",528725.65,179323.11,51.498128,-0.14694724,1
94,"546515","Hyde Park Corner",528355.15,179731.45,51.501882,-0.15213374,1
95,"546520","Buck Palace Rd/Ecclestone Bridge",528764,178872,51.494065,-0.14655965,1
96,"546530","Chelsea Bridge/Chelsea Embankment",528568.84,177939.93,51.485732,-0.14970918,0
97,"546551","Battersea Bridge Road by Cheyne Walk",526947.619,177485.8,51.482017,-0.17321148,0
98,"546560","Albert Bridge Rd",527429.3,177405.34,51.481185,-0.16630683,0
99,"546581","Old Brompton Rd/Finboro Rd",525572.357,178178.684,51.488551,-0.19276184,0
100,"546590","Strand/Lancaster Place",530610.49,180844.58,51.51137,-0.11924297,1
101,"546592","Piccadilly/St James St",529144.18,180402.63,51.507735,-0.14052525,1
102,"546594","A4 Knightbridge By Scotch Corner",527787.06,179724.72,51.501951,-0.16031721,0
103,"546597","Cromwell Road By Exhibition Road",526872.13,178990.38,51.495557,-0.17375731,0
104,"546598","Cromwell Rd/Collingham Rd",525831.19,178845.62,51.494488,-0.18879761,0
